,prompt,queries,responses
0,Can you please answer this question,Cell Theory and the History of Cell Biology: The foundation of cell biology.,0
1,Can you please answer this question,Structure and Function of Cell Membranes: Understanding membrane composition and function.,1
2,Can you please answer this question,"The Endomembrane System: Roles of the ER, Golgi apparatus, and lysosomes.",2
3,Can you please answer this question,Mitochondria and Cellular Respiration: Energy production in cells.,3
4,Can you please answer this question,Chloroplasts and Photosynthesis: How plants convert light into energy.,4
5,Can you please answer this question,"The Cytoskeleton and Cellular Movement: Microtubules, microfilaments, and intermediate filaments.",5
6,Can you please answer this question,Cell Division: Mitosis vs. Meiosis: The processes and their significance.,6
7,Can you please answer this question,Cell Signaling and Communication: How cells communicate through signaling pathways.,7
8,Can you please answer this question,Apoptosis and Cell Death: Programmed cell death mechanisms.,8
9,Can you please answer this question,Stem Cells and Differentiation: The role of stem cells in development and repair.,9
10,Can you please answer this question,Mendelian Genetics and Inheritance Patterns: Principles of heredity and genetic crosses.,10
11,Can you please answer this question,DNA Structure and Function: The double helix and its role in genetic information.,11
12,Can you please answer this question,Genetic Mutations and Their Effects: Types of mutations and their consequences.,12
13,Can you please answer this question,Genetic Recombination and Crossing Over: How genetic diversity is generated.,13
14,Can you please answer this question,Gene Regulation and Epigenetics: Mechanisms controlling gene expression.,14
15,Can you please answer this question,Genetic Disorders and Diseases: Examples of genetic conditions and their inheritance.,15
16,Can you please answer this question,The Human Genome Project: Mapping and understanding the human genome.,16
17,Can you please answer this question,Genetic Engineering and CRISPR: Tools for modifying genes and their applications.,17
18,Can you please answer this question,Population Genetics and Genetic Drift: The study of allele frequency changes in populations.,18
19,Can you please answer this question,Quantitative Genetics and Heritability: The role of multiple genes in traits.,19
20,Can you please answer this question,Darwinג€™s Theory of Natural Selection: The mechanism of evolution.,20
21,Can you please answer this question,Speciation and Evolutionary Processes: How new species arise.,21
22,Can you please answer this question,Evolutionary Developmental Biology (Evo-Devo): The role of developmental processes in evolution.,22
23,Can you please answer this question,Population Ecology and Population Dynamics: Factors affecting population growth and regulation.,23
24,Can you please answer this question,Community Ecology and Interactions: Relationships between species in ecosystems.,24
25,Can you please answer this question,Ecosystem Structure and Function: Energy flow and nutrient cycling.,25
26,Can you please answer this question,"Biogeochemical Cycles: Carbon, nitrogen, and phosphorus cycles.",26
27,Can you please answer this question,Conservation Biology and Biodiversity: The importance of preserving species and habitats.,27
28,Can you please answer this question,Human Impact on the Environment: Effects of human activities on ecosystems.,28
29,Can you please answer this question,Ecological Succession and Disturbance: How ecosystems change over time.,29
30,Can you please answer this question,Homeostasis and Regulation: Maintaining internal stability in organisms.,30
31,Can you please answer this question,The Nervous System and Neural Communication: How the nervous system processes and transmits information.,31
32,Can you please answer this question,The Endocrine System and Hormonal Regulation: Hormones and their effects on the body.,32
33,Can you please answer this question,"Cardiovascular System and Blood Circulation: The heart, blood vessels, and blood flow.",33
34,Can you please answer this question,Respiratory System and Gas Exchange: Mechanisms of breathing and oxygen transport.,34
35,Can you please answer this question,Digestive System and Nutrient Absorption: How food is broken down and absorbed.,35
36,Can you please answer this question,Excretory System and Waste Removal: The kidneys and removal of metabolic wastes.,36
37,Can you please answer this question,Muscle Structure and Function: How muscles contract and produce movement.,37
38,Can you please answer this question,Reproductive Systems and Development: Mechanisms of reproduction and embryonic development.,38
39,Can you please answer this question,Immune System and Defense Mechanisms: How the body protects itself from pathogens.,39
40,Can you please answer this question,DNA Replication and Repair: How DNA is copied and repaired.,40
41,Can you please answer this question,Transcription and Translation: The processes of converting DNA to proteins.,41
42,Can you please answer this question,RNA Processing and Regulation: Modifications and roles of different RNA types.,42
43,Can you please answer this question,Protein Folding and Function: How proteins acquire their functional shapes.,43
44,Can you please answer this question,Enzyme Function and Kinetics: The role of enzymes in biochemical reactions.,44
45,Can you please answer this question,"Molecular Genetics Techniques: PCR, gel electrophoresis, and sequencing methods.",45
46,Can you please answer this question,Signal Transduction Pathways: How cells respond to external signals.,46
47,Can you please answer this question,Gene Expression and Epigenetic Modifications: Regulation of gene activity.,47
48,Can you please answer this question,Recombinant DNA Technology: Creating genetically modified organisms.,48
49,Can you please answer this question,Synthetic Biology: Designing and constructing new biological parts and systems.,49
50,Can you please answer this question,Embryonic Development and Stages: Key stages of development from zygote to fetus.,50
51,Can you please answer this question,Cell Differentiation and Morphogenesis: How cells specialize and form tissues.,51
52,Can you please answer this question,Developmental Genetics and Pattern Formation: Genes controlling development and body plan.,52
53,Can you please answer this question,Stem Cells and Tissue Engineering: Using stem cells for medical applications.,53
54,Can you please answer this question,Regenerative Medicine and Organ Repair: Techniques for repairing or replacing damaged tissues.,54
55,Can you please answer this question,Developmental Disorders and Birth Defects: Genetic and environmental causes of developmental issues.,55
56,Can you please answer this question,Model Organisms in Developmental Biology: Using species like fruit flies and mice for research.,56
57,Can you please answer this question,The Role of Epigenetics in Development: How gene expression is regulated during development.,57
58,Can you please answer this question,Cell Signaling in Development: How cells communicate to coordinate development.,58
59,Can you please answer this question,Metamorphosis and Post-embryonic Development: Changes from juvenile to adult forms in animals.,59
60,Can you please answer this question,"Microbial Classification and Diversity: Bacteria, archaea, and eukaryotic microbes.",60
61,Can you please answer this question,Microbial Metabolism and Growth: How microbes obtain and use energy.,61
62,Can you please answer this question,Pathogenic Microbes and Infectious Diseases: Mechanisms of microbial disease.,62
63,Can you please answer this question,Antibiotics and Antimicrobial Resistance: How antibiotics work and resistance mechanisms.,63
64,Can you please answer this question,Microbiomes and Their Role in Health: The impact of microbial communities on health.,64
65,Can you please answer this question,Viral Structure and Life Cycles: How viruses infect and replicate.,65
66,Can you please answer this question,Immune Responses to Microbes: How the immune system responds to infections.,66
67,Can you please answer this question,Biotechnology and Microbial Applications: Using microbes in industrial and medical applications.,67
68,Can you please answer this question,Environmental Microbiology and Bioremediation: Microbes in environmental processes and cleanup.,68
69,Can you please answer this question,Genomics and Metagenomics of Microbes: Studying microbial genomes and communities.,69
70,Can you please answer this question,Plant Structure and Function: The anatomy and physiology of plants.,70
71,Can you please answer this question,Photosynthesis and Plant Metabolism: How plants convert light into energy and grow.,71
72,Can you please answer this question,"Plant Reproduction and Development: Flowering, pollination, and seed formation.",72
73,Can you please answer this question,Plant Hormones and Growth Regulation: How hormones control plant growth and development.,73
74,Can you please answer this question,Plant Adaptations to Environmental Stress: Mechanisms for surviving extreme conditions.,74
75,Can you please answer this question,Plant-Virus Interactions: How plants respond to viral infections.,75
76,Can you please answer this question,Plant-Microbe Interactions: Symbiotic relationships between plants and microbes.,76
77,Can you please answer this question,Plant Genetics and Breeding: Genetic principles and crop improvement techniques.,77
78,Can you please answer this question,Plant Ecology and Ecosystem Roles: Plants' roles in ecosystems and their interactions with other organisms.,78
79,Can you please answer this question,Ethnobotany and Plant Uses: The study of how plants are used in different cultures.,79
80,Can you please answer this question,Animal Behavior and Ethology: Understanding animal behavior in natural contexts.,80
81,Can you please answer this question,Learning and Memory in Animals: How animals learn and remember information.,81
82,Can you please answer this question,Social Behavior and Communication: How animals interact and communicate with each other.,82
83,Can you please answer this question,Foraging and Feeding Behavior: Strategies for acquiring food and resources.,83
84,Can you please answer this question,Reproductive Behavior and Mating Systems: How animals mate and raise offspring.,84
85,Can you please answer this question,Territoriality and Migration: How animals establish territories and migrate.,85
86,Can you please answer this question,Behavioral Adaptations to Environmental Changes: How behavior changes in response to environmental pressures.,86
87,Can you please answer this question,Animal Cognition and Problem Solving: The mental processes underlying animal behavior.,87
88,Can you please answer this question,Human Behavior and Biological Influences: The role of genetics and physiology in human behavior.,88
89,Can you please answer this question,Ethics in Behavioral Research: The ethical considerations in studying animal behavior.,89
90,Can you please answer this question,"Mechanisms of Evolution: Natural selection, genetic drift, and gene flow.",90
91,Can you please answer this question,Adaptive Evolution and Fitness: How adaptations increase an organism's fitness.,91
92,Can you please answer this question,Phylogenetics and Evolutionary Trees: Constructing and interpreting evolutionary relationships.,92
93,Can you please answer this question,Coevolution and Evolutionary Arms Races: How species evolve in response to each other.,93
94,Can you please answer this question,Paleontology and Fossil Evidence: Using fossils to study evolutionary history.,94
95,Can you please answer this question,Evolution of Developmental Mechanisms: How developmental processes evolve over time.,95
96,Can you please answer this question,Human Evolution and Ancestry: The evolutionary history of humans and their relatives.,96
97,Can you please answer this question,Evolutionary Medicine and Disease: Understanding diseases from an evolutionary perspective.,97
98,Can you please answer this question,The Evolution of Social Behavior: How social behaviors and structures evolve.,98
99,Can you please answer this question,Recent Advances in Evolutionary Biology: Current research and discoveries in the field.,99
100,Can you please answer this question,The theory of supply and demand,100
101,Can you please answer this question,Market equilibrium and price determination,101
102,Can you please answer this question,The elasticity of demand and supply,102
103,Can you please answer this question,The concept of utility and consumer choice,103
104,Can you please answer this question,The role of marginal analysis in decision-making,104
105,Can you please answer this question,The theory of production and costs,105
106,Can you please answer this question,The behavior of firms in different market structures,106
107,Can you please answer this question,Perfect competition versus monopoly,107
108,Can you please answer this question,Oligopoly and game theory,108
109,Can you please answer this question,The economics of monopolistic competition,109
110,Can you please answer this question,The measurement of gross domestic product (GDP),110
111,Can you please answer this question,The causes and effects of inflation,111
112,Can you please answer this question,The concept of unemployment and types of unemployment,112
113,Can you please answer this question,Fiscal policy and its impact on the economy,113
114,Can you please answer this question,Monetary policy and the role of central banks,114
115,Can you please answer this question,The relationship between interest rates and investment,115
116,Can you please answer this question,The business cycle: Phases and indicators,116
117,Can you please answer this question,The Keynesian versus classical economic models,117
118,Can you please answer this question,The role of government in stabilizing the economy,118
119,Can you please answer this question,The significance of economic growth and development,119
120,Can you please answer this question,The impact of taxation on economic behavior,120
121,Can you please answer this question,The role of government spending in economic policy,121
122,Can you please answer this question,The effects of trade tariffs and protectionism,122
123,Can you please answer this question,The debate over minimum wage laws,123
124,Can you please answer this question,The economics of social welfare programs,124
125,Can you please answer this question,The impact of deregulation on economic efficiency,125
126,Can you please answer this question,The role of public goods and government intervention,126
127,Can you please answer this question,The effects of labor market policies on employment,127
128,Can you please answer this question,The importance of property rights in economic development,128
129,Can you please answer this question,The role of anti-trust laws in promoting competition,129
130,Can you please answer this question,The theory of comparative advantage in trade,130
131,Can you please answer this question,The impact of globalization on national economies,131
132,Can you please answer this question,The role of international trade agreements,132
133,Can you please answer this question,The significance of exchange rates in global trade,133
134,Can you please answer this question,The effects of trade deficits and surpluses,134
135,Can you please answer this question,The impact of foreign direct investment on economies,135
136,Can you please answer this question,The economics of developing countries and emerging markets,136
137,Can you please answer this question,The role of international financial institutions like the IMF and World Bank,137
138,Can you please answer this question,The impact of economic sanctions on global politics,138
139,Can you please answer this question,The concept of economic integration and regional trade blocs,139
140,Can you please answer this question,The Industrial Revolution and its economic impact,140
141,Can you please answer this question,The Great Depression: Causes and consequences,141
142,Can you please answer this question,The economic impact of World War II,142
143,Can you please answer this question,The post-war economic boom in the United States,143
144,Can you please answer this question,The history of economic thought: From Adam Smith to modern economics,144
145,Can you please answer this question,The role of colonialism in shaping global economies,145
146,Can you please answer this question,The development and impact of the Bretton Woods system,146
147,Can you please answer this question,The stagflation of the 1970s,147
148,Can you please answer this question,The economic reforms in China since 1978,148
149,Can you please answer this question,The collapse of the Soviet Union and transition to a market economy,149
150,Can you please answer this question,The concept of bounded rationality,150
151,Can you please answer this question,The role of cognitive biases in economic decision-making,151
152,Can you please answer this question,The impact of loss aversion on consumer behavior,152
153,Can you please answer this question,The economics of altruism and social preferences,153
154,Can you please answer this question,The significance of nudges in influencing economic choices,154
155,Can you please answer this question,The role of emotions in financial decision-making,155
156,Can you please answer this question,The implications of time inconsistency and self-control problems,156
157,Can you please answer this question,The importance of fairness and reciprocity in economic transactions,157
158,Can you please answer this question,The impact of social norms on economic behavior,158
159,Can you please answer this question,The role of heuristics in consumer decision-making,159
160,Can you please answer this question,The economics of climate change and global warming,160
161,Can you please answer this question,The role of carbon pricing and emissions trading,161
162,Can you please answer this question,The concept of sustainable development,162
163,Can you please answer this question,The economics of natural resource management,163
164,Can you please answer this question,The impact of pollution on economic welfare,164
165,Can you please answer this question,The significance of renewable energy in economic policy,165
166,Can you please answer this question,The economic impact of deforestation and biodiversity loss,166
167,Can you please answer this question,The role of environmental regulations in economic policy,167
168,Can you please answer this question,The economics of waste management and recycling,168
169,Can you please answer this question,The impact of green technology on economic growth,169
170,Can you please answer this question,The functioning of financial markets and institutions,170
171,Can you please answer this question,The role of stock markets in the economy,171
172,Can you please answer this question,The impact of interest rates on investment and consumption,172
173,Can you please answer this question,The concept of risk and return in finance,173
174,Can you please answer this question,The role of banks in the financial system,174
175,Can you please answer this question,The causes and effects of financial crises,175
176,Can you please answer this question,The economics of insurance and risk management,176
177,Can you please answer this question,The impact of monetary policy on financial markets,177
178,Can you please answer this question,The significance of financial regulation and oversight,178
179,Can you please answer this question,The role of derivatives in financial markets,179
180,Can you please answer this question,The economics of poverty and inequality,180
181,Can you please answer this question,The role of education and human capital in development,181
182,Can you please answer this question,The impact of healthcare on economic growth,182
183,Can you please answer this question,The significance of infrastructure in economic development,183
184,Can you please answer this question,The role of microfinance in poverty alleviation,184
185,Can you please answer this question,The impact of agricultural development on economies,185
186,Can you please answer this question,The economics of urbanization in developing countries,186
187,Can you please answer this question,The role of institutions in economic development,187
188,Can you please answer this question,The impact of foreign aid on developing countries,188
189,Can you please answer this question,The challenges of economic development in post-conflict societies,189
190,Can you please answer this question,The impact of automation and artificial intelligence on jobs,190
191,Can you please answer this question,The economics of gig economy and freelance work,191
192,Can you please answer this question,The role of digital currencies and blockchain technology,192
193,Can you please answer this question,The impact of COVID-19 on global economies,193
194,Can you please answer this question,The economics of healthcare systems,194
195,Can you please answer this question,The rise of populism and its economic implications,195
196,Can you please answer this question,The challenges of managing sovereign debt,196
197,Can you please answer this question,The impact of demographic changes on economic growth,197
198,Can you please answer this question,The economics of housing markets and real estate,198
199,Can you please answer this question,The role of technology in shaping the future of work,199
200,Can you please answer this question,The formation of mountains and mountain ranges,200
201,Can you please answer this question,The structure and layers of the Earth,201
202,Can you please answer this question,The process of plate tectonics and continental drift,202
203,Can you please answer this question,The impact of volcanic eruptions on landscapes,203
204,Can you please answer this question,The causes and effects of earthquakes,204
205,Can you please answer this question,The process of erosion and sedimentation,205
206,Can you please answer this question,The hydrological cycle and its significance,206
207,Can you please answer this question,The formation of river deltas,207
208,Can you please answer this question,The characteristics of different types of climates,208
209,Can you please answer this question,The geography of deserts around the world,209
210,Can you please answer this question,The impact of the El Niֳ±o and La Niֳ±a phenomena,210
211,Can you please answer this question,The formation and effects of hurricanes,211
212,Can you please answer this question,The process of climate change and global warming,212
213,Can you please answer this question,The role of the polar jet stream in weather patterns,213
214,Can you please answer this question,The factors influencing monsoon systems,214
215,Can you please answer this question,The impact of urban heat islands on local climates,215
216,Can you please answer this question,The effects of climate on agricultural practices,216
217,Can you please answer this question,The role of oceans in regulating the Earthג€™s climate,217
218,Can you please answer this question,The impact of deforestation on climate and weather,218
219,Can you please answer this question,The history and effects of major droughts,219
220,Can you please answer this question,The characteristics of tropical rainforests,220
221,Can you please answer this question,The importance of coral reefs to marine biodiversity,221
222,Can you please answer this question,The structure and function of grassland ecosystems,222
223,Can you please answer this question,The adaptations of species in tundra environments,223
224,Can you please answer this question,The significance of wetlands in ecological balance,224
225,Can you please answer this question,The role of mangroves in coastal protection,225
226,Can you please answer this question,The diversity of life in freshwater ecosystems,226
227,Can you please answer this question,The challenges facing the Amazon rainforest,227
228,Can you please answer this question,The biodiversity and conservation of temperate forests,228
229,Can you please answer this question,The impact of human activities on savanna ecosystems,229
230,Can you please answer this question,The patterns of global population distribution,230
231,Can you please answer this question,The process of urbanization and its effects,231
232,Can you please answer this question,The impact of migration on cities and countries,232
233,Can you please answer this question,The significance of cultural landscapes in geography,233
234,Can you please answer this question,The relationship between economic development and geography,234
235,Can you please answer this question,The role of geography in shaping cultural identities,235
236,Can you please answer this question,The impact of globalization on regional cultures,236
237,Can you please answer this question,The spatial distribution of religions around the world,237
238,Can you please answer this question,The geography of language and linguistic diversity,238
239,Can you please answer this question,The effects of tourism on local cultures and environments,239
240,Can you please answer this question,The concept of borders and their geopolitical importance,240
241,Can you please answer this question,The history and impact of colonialism on global geography,241
242,Can you please answer this question,The geography of international conflicts and wars,242
243,Can you please answer this question,The role of geography in shaping political boundaries,243
244,Can you please answer this question,The impact of natural resources on geopolitical relations,244
245,Can you please answer this question,The significance of strategic waterways in global politics,245
246,Can you please answer this question,The geographical distribution of global power centers,246
247,Can you please answer this question,The challenges of managing shared water resources,247
248,Can you please answer this question,The geography of global trade routes and their evolution,248
249,Can you please answer this question,The influence of geography on military strategy,249
250,Can you please answer this question,The impact of deforestation on global ecosystems,250
251,Can you please answer this question,The role of geography in natural disaster risk management,251
252,Can you please answer this question,The causes and effects of desertification,252
253,Can you please answer this question,The significance of sustainable development in geography,253
254,Can you please answer this question,The challenges of waste management in urban areas,254
255,Can you please answer this question,The geography of renewable energy resources,255
256,Can you please answer this question,The environmental impact of mining and extraction activities,256
257,Can you please answer this question,The effects of air pollution on human health and ecosystems,257
258,Can you please answer this question,The importance of protecting biodiversity hotspots,258
259,Can you please answer this question,The geography of climate change mitigation efforts,259
260,Can you please answer this question,The role of Geographic Information Systems (GIS) in modern geography,260
261,Can you please answer this question,The use of remote sensing in environmental monitoring,261
262,Can you please answer this question,The development and impact of satellite technology on geography,262
263,Can you please answer this question,The application of GPS technology in everyday life,263
264,Can you please answer this question,The significance of cartography in geography,264
265,Can you please answer this question,The use of drones in geographical research and mapping,265
266,Can you please answer this question,The evolution of digital mapping technologies,266
267,Can you please answer this question,The role of data visualization in geographic analysis,267
268,Can you please answer this question,The application of spatial analysis in urban planning,268
269,Can you please answer this question,The impact of technology on the study of physical geography,269
270,Can you please answer this question,The physical geography of the Amazon Basin,270
271,Can you please answer this question,The cultural and physical geography of the Himalayas,271
272,Can you please answer this question,The environmental challenges facing the Great Barrier Reef,272
273,Can you please answer this question,The geography of the Mediterranean region and its climate,273
274,Can you please answer this question,The significance of the Nile River in Egyptג€™s geography,274
275,Can you please answer this question,The geography and natural resources of the Arctic region,275
276,Can you please answer this question,The diverse landscapes and climates of the Indian subcontinent,276
277,Can you please answer this question,The physical and cultural geography of the Andes Mountains,277
278,Can you please answer this question,The unique geographical features of the Middle East,278
279,Can you please answer this question,The geographical diversity of the African continent,279
280,Can you please answer this question,The development of megacities and their challenges,280
281,Can you please answer this question,The impact of urban sprawl on the environment,281
282,Can you please answer this question,The role of public transportation in urban planning,282
283,Can you please answer this question,The significance of green spaces in urban areas,283
284,Can you please answer this question,The evolution of urban landscapes over time,284
285,Can you please answer this question,The impact of gentrification on cities and communities,285
286,Can you please answer this question,The geography of slums and informal settlements,286
287,Can you please answer this question,The influence of geography on city planning and design,287
288,Can you please answer this question,The effects of economic changes on urban geography,288
289,Can you please answer this question,The role of smart cities in sustainable urban development,289
290,Can you please answer this question,The concept of place and its importance in geography,290
291,Can you please answer this question,The theory of environmental determinism,291
292,Can you please answer this question,The impact of globalization on geographical spaces,292
293,Can you please answer this question,The significance of the spatial interaction model,293
294,Can you please answer this question,The role of diffusion in cultural geography,294
295,Can you please answer this question,The importance of scale in geographic analysis,295
296,Can you please answer this question,The concept of human-environment interaction,296
297,Can you please answer this question,The geography of development and its inequalities,297
298,Can you please answer this question,The influence of physical barriers on cultural diffusion,298
299,Can you please answer this question,The evolution of geographic thought and its paradigms,299
300,Can you please answer this question,The rise and fall of the Roman Empire,300
301,Can you please answer this question,The construction and significance of the Egyptian pyramids,301
302,Can you please answer this question,The development of democracy in ancient Athens,302
303,Can you please answer this question,The conquests of Alexander the Great,303
304,Can you please answer this question,The origins and spread of the Persian Empire,304
305,Can you please answer this question,The history of the Mesopotamian civilization,305
306,Can you please answer this question,The significance of the Code of Hammurabi,306
307,Can you please answer this question,The role of religion in ancient Egypt,307
308,Can you please answer this question,The achievements of the Maurya Empire in India,308
309,Can you please answer this question,The impact of the Han Dynasty on Chinese culture,309
310,Can you please answer this question,The Crusades: Causes and consequences,310
311,Can you please answer this question,The rise of the Byzantine Empire,311
312,Can you please answer this question,The Black Death and its effects on Europe,312
313,Can you please answer this question,The Viking invasions of Europe,313
314,Can you please answer this question,The significance of the Magna Carta,314
315,Can you please answer this question,The role of the Catholic Church in medieval Europe,315
316,Can you please answer this question,The feudal system and its impact on medieval society,316
317,Can you please answer this question,The Hundred Years' War between England and France,317
318,Can you please answer this question,The Mongol Empire and its expansion,318
319,Can you please answer this question,The Reconquista in Spain,319
320,Can you please answer this question,The cultural achievements of the Italian Renaissance,320
321,Can you please answer this question,The impact of the printing press on European society,321
322,Can you please answer this question,The Protestant Reformation and Martin Luther,322
323,Can you please answer this question,The Scientific Revolution: Key figures and discoveries,323
324,Can you please answer this question,The Age of Exploration and its global impact,324
325,Can you please answer this question,The role of women in the Renaissance period,325
326,Can you please answer this question,The development of humanism during the Renaissance,326
327,Can you please answer this question,The Enlightenment and its influence on modern thought,327
328,Can you please answer this question,The contributions of Galileo Galilei to science,328
329,Can you please answer this question,The philosophical writings of John Locke,329
330,Can you please answer this question,The French Revolution: Causes and outcomes,330
331,Can you please answer this question,The impact of the American Revolution,331
332,Can you please answer this question,The significance of the Industrial Revolution,332
333,Can you please answer this question,The unification of Italy under Garibaldi,333
334,Can you please answer this question,The reign of Queen Elizabeth I of England,334
335,Can you please answer this question,The colonization of the Americas by European powers,335
336,Can you please answer this question,The Thirty Years' War and its consequences,336
337,Can you please answer this question,The rise of the Ottoman Empire,337
338,Can you please answer this question,The development of the Atlantic slave trade,338
339,Can you please answer this question,The Russian Revolution of 1917,339
340,Can you please answer this question,The Napoleonic Wars and their impact on Europe,340
341,Can you please answer this question,The abolition of slavery in the United States,341
342,Can you please answer this question,The rise of nationalism in Europe,342
343,Can you please answer this question,The American Civil War: Causes and consequences,343
344,Can you please answer this question,The unification of Germany under Otto von Bismarck,344
345,Can you please answer this question,The impact of the British Empire on its colonies,345
346,Can you please answer this question,The Meiji Restoration and modernization of Japan,346
347,Can you please answer this question,The Irish Potato Famine and its effects,347
348,Can you please answer this question,The women's suffrage movement in the 19th century,348
349,Can you please answer this question,The invention of the steam engine and its impact,349
350,Can you please answer this question,The causes and effects of World War I,350
351,Can you please answer this question,The Russian Revolution and the rise of the Soviet Union,351
352,Can you please answer this question,The Great Depression and its global impact,352
353,Can you please answer this question,The rise of fascism in Europe,353
354,Can you please answer this question,The causes and consequences of World War II,354
355,Can you please answer this question,The Holocaust: Events and aftermath,355
356,Can you please answer this question,The decolonization of Africa and Asia,356
357,Can you please answer this question,The Cold War: Key events and figures,357
358,Can you please answer this question,The civil rights movement in the United States,358
359,Can you please answer this question,The fall of the Berlin Wall and the end of the Cold War,359
360,Can you please answer this question,The Korean War and its legacy,360
361,Can you please answer this question,The Vietnam War: Causes and consequences,361
362,Can you please answer this question,The Gulf War of 1990-1991,362
363,Can you please answer this question,The conflict in the Balkans during the 1990s,363
364,Can you please answer this question,The Israeli-Palestinian conflict: A historical overview,364
365,Can you please answer this question,The Rwandan Genocide of 1994,365
366,Can you please answer this question,The American Revolutionary War,366
367,Can you please answer this question,The Boer War in South Africa,367
368,Can you please answer this question,The Spanish Civil War,368
369,Can you please answer this question,The Iran-Iraq War of the 1980s,369
370,Can you please answer this question,The Harlem Renaissance and African American culture,370
371,Can you please answer this question,The development of jazz music in the 20th century,371
372,Can you please answer this question,The role of art in the Renaissance period,372
373,Can you please answer this question,The influence of the Enlightenment on the French Revolution,373
374,Can you please answer this question,The impact of the printing press on literacy rates in Europe,374
375,Can you please answer this question,The history of the feminist movement,375
376,Can you please answer this question,The evolution of cinema in the 20th century,376
377,Can you please answer this question,The spread of Buddhism from India to Asia,377
378,Can you please answer this question,The development of classical Greek philosophy,378
379,Can you please answer this question,The role of propaganda during World War II,379
380,Can you please answer this question,The history of the labor movement in the United States,380
381,Can you please answer this question,The Great Migration of African Americans to the northern U.S.,381
382,Can you please answer this question,The impact of the Gold Rush on the American West,382
383,Can you please answer this question,The evolution of the welfare state in Europe,383
384,Can you please answer this question,The development of capitalism in the modern world,384
385,Can you please answer this question,The impact of the Industrial Revolution on urbanization,385
386,Can you please answer this question,The history of immigration to the United States,386
387,Can you please answer this question,The effects of the Black Death on European economy,387
388,Can you please answer this question,The role of the East India Company in British colonialism,388
389,Can you please answer this question,The impact of the Opium Wars on China,389
390,Can you please answer this question,The formation of the United Nations,390
391,Can you please answer this question,The drafting and significance of the U.S. Constitution,391
392,Can you please answer this question,The impact of the Treaty of Versailles after World War I,392
393,Can you please answer this question,The rise and fall of apartheid in South Africa,393
394,Can you please answer this question,The development of the European Union,394
395,Can you please answer this question,The Cuban Missile Crisis of 1962,395
396,Can you please answer this question,The history of the British monarchy,396
397,Can you please answer this question,The history of the Israeli state and its conflicts,397
398,Can you please answer this question,The Watergate scandal and its impact on U.S. politics,398
399,Can you please answer this question,The Arab Spring and its outcomes,399
400,Can you please answer this question,"The structure of language: Phonetics, phonology, morphology, syntax, and semantics",400
401,Can you please answer this question,The concept of universal grammar,401
402,Can you please answer this question,The evolution of human language,402
403,Can you please answer this question,The role of linguistics in understanding language development,403
404,Can you please answer this question,The differences between descriptive and prescriptive grammar,404
405,Can you please answer this question,The Sapir-Whorf hypothesis and linguistic relativity,405
406,Can you please answer this question,The significance of pragmatics in language use,406
407,Can you please answer this question,The process of language acquisition in children,407
408,Can you please answer this question,The role of sociolinguistics in language study,408
409,Can you please answer this question,The phenomenon of code-switching in bilingual speakers,409
410,Can you please answer this question,The Indo-European language family and its branches,410
411,Can you please answer this question,The Afro-Asiatic language family and its significance,411
412,Can you please answer this question,The Sino-Tibetan languages and their characteristics,412
413,Can you please answer this question,The Austronesian language family and its spread,413
414,Can you please answer this question,The Uralic language family and its languages,414
415,Can you please answer this question,"The classification of languages: Isolating, agglutinative, fusional, and polysynthetic",415
416,Can you please answer this question,"The importance of language isolates, such as Basque",416
417,Can you please answer this question,The languages of the Caucasus region,417
418,Can you please answer this question,The role of the Altaic language family in linguistic study,418
419,Can you please answer this question,The characteristics of the Niger-Congo language family,419
420,Can you please answer this question,The history of the English language: From Old English to Modern English,420
421,Can you please answer this question,The development of Romance languages from Latin,421
422,Can you please answer this question,The history and evolution of the Arabic language,422
423,Can you please answer this question,The linguistic impact of the Norman Conquest on English,423
424,Can you please answer this question,The origins and development of the Germanic languages,424
425,Can you please answer this question,The influence of the Greek language on science and philosophy,425
426,Can you please answer this question,The spread of Latin and its impact on Europe,426
427,Can you please answer this question,The history of the Sanskrit language and its influence on South Asia,427
428,Can you please answer this question,The role of the Silk Road in linguistic exchange,428
429,Can you please answer this question,The impact of colonization on indigenous languages,429
430,Can you please answer this question,The process of second language acquisition,430
431,Can you please answer this question,The benefits and challenges of bilingualism,431
432,Can you please answer this question,The role of immersion in language learning,432
433,Can you please answer this question,The impact of age on language learning ability,433
434,Can you please answer this question,The effectiveness of different language teaching methods,434
435,Can you please answer this question,The role of motivation and attitude in language learning,435
436,Can you please answer this question,The use of technology in language education,436
437,Can you please answer this question,The significance of input and output in language acquisition,437
438,Can you please answer this question,The role of grammar instruction in language learning,438
439,Can you please answer this question,The impact of cultural exposure on language learning,439
440,Can you please answer this question,The history and development of the alphabet,440
441,Can you please answer this question,The structure and use of logographic writing systems,441
442,Can you please answer this question,The significance of syllabaries in language representation,442
443,Can you please answer this question,The evolution of the Chinese writing system,443
444,Can you please answer this question,The history of the Arabic script and its spread,444
445,Can you please answer this question,The use of diacritics in different writing systems,445
446,Can you please answer this question,The development of the Cyrillic alphabet,446
447,Can you please answer this question,The role of the Roman alphabet in global communication,447
448,Can you please answer this question,The challenges of standardizing orthography,448
449,Can you please answer this question,The role of writing systems in preserving languages,449
450,Can you please answer this question,The causes and consequences of language endangerment,450
451,Can you please answer this question,The importance of preserving endangered languages,451
452,Can you please answer this question,The role of communities in language revitalization,452
453,Can you please answer this question,The impact of globalization on linguistic diversity,453
454,Can you please answer this question,The significance of digital tools in language preservation,454
455,Can you please answer this question,The revival of Hebrew as a spoken language,455
456,Can you please answer this question,The efforts to revitalize indigenous languages in North America,456
457,Can you please answer this question,The role of education in language revitalization,457
458,Can you please answer this question,The challenges of maintaining minority languages in multilingual societies,458
459,Can you please answer this question,The impact of urbanization on language use and preservation,459
460,Can you please answer this question,The relationship between language and identity,460
461,Can you please answer this question,The role of language in shaping cultural norms and values,461
462,Can you please answer this question,The significance of language in religious practices,462
463,Can you please answer this question,The impact of language on literature and storytelling,463
464,Can you please answer this question,The use of language in music and its cultural significance,464
465,Can you please answer this question,The role of language in shaping national identity,465
466,Can you please answer this question,The impact of language on cultural traditions and rituals,466
467,Can you please answer this question,The use of language in humor and its cultural variations,467
468,Can you please answer this question,The role of language in social movements and activism,468
469,Can you please answer this question,The impact of language on media and popular culture,469
470,Can you please answer this question,The role of language in politics and diplomacy,470
471,Can you please answer this question,The impact of language on social stratification and class,471
472,Can you please answer this question,The use of language in advertising and marketing,472
473,Can you please answer this question,The significance of linguistic diversity in multicultural societies,473
474,Can you please answer this question,The challenges of language policy and planning,474
475,Can you please answer this question,The role of language in shaping public opinion,475
476,Can you please answer this question,The impact of language on education and literacy,476
477,Can you please answer this question,The use of language in legal contexts and its implications,477
478,Can you please answer this question,The role of language in healthcare and patient communication,478
479,Can you please answer this question,The significance of language in international relations,479
480,Can you please answer this question,The development of natural language processing (NLP) technologies,480
481,Can you please answer this question,The role of machine translation in global communication,481
482,Can you please answer this question,The challenges of speech recognition technology,482
483,Can you please answer this question,The impact of artificial intelligence on language learning,483
484,Can you please answer this question,The use of corpora in linguistic research,484
485,Can you please answer this question,The role of language models in automated text generation,485
486,Can you please answer this question,The significance of sentiment analysis in social media,486
487,Can you please answer this question,The impact of technology on language use and evolution,487
488,Can you please answer this question,The role of chatbots and virtual assistants in everyday communication,488
489,Can you please answer this question,The challenges of ensuring linguistic diversity in digital platforms,489
490,Can you please answer this question,The impact of social media on language change,490
491,Can you please answer this question,The role of language in gender and identity politics,491
492,Can you please answer this question,The debate over linguistic prescriptivism vs. descriptivism,492
493,Can you please answer this question,The impact of migration on language use and preservation,493
494,Can you please answer this question,The role of English as a global lingua franca,494
495,Can you please answer this question,The challenges of translation and interpretation in a globalized world,495
496,Can you please answer this question,The impact of language barriers on refugee integration,496
497,Can you please answer this question,The role of language in shaping perceptions of race and ethnicity,497
498,Can you please answer this question,The significance of inclusive language in modern discourse,498
499,Can you please answer this question,The future of language evolution in an increasingly interconnected world,499
500,Can you please answer this question,The evolution of Western classical music,500
501,Can you please answer this question,The impact of the Renaissance on music,501
502,Can you please answer this question,The Baroque period and its composers,502
503,Can you please answer this question,The Classical era in music history,503
504,Can you please answer this question,The Romantic period and its influence on music,504
505,Can you please answer this question,The development of opera from its origins to the modern day,505
506,Can you please answer this question,The history of jazz and its cultural significance,506
507,Can you please answer this question,The rise and influence of rock and roll in the 1950s and 1960s,507
508,Can you please answer this question,The evolution of hip-hop and rap music,508
509,Can you please answer this question,The history of electronic music and its impact on contemporary genres,509
510,Can you please answer this question,The characteristics and origins of blues music,510
511,Can you please answer this question,The development and styles of country music,511
512,Can you please answer this question,The rise of pop music and its cultural impact,512
513,Can you please answer this question,The evolution of heavy metal and its subgenres,513
514,Can you please answer this question,The origins and development of reggae music,514
515,Can you please answer this question,The history and influence of punk rock,515
516,Can you please answer this question,The significance of folk music in cultural preservation,516
517,Can you please answer this question,The evolution of R&B and soul music,517
518,Can you please answer this question,The development of world music and its global influence,518
519,Can you please answer this question,The characteristics and significance of classical Indian music,519
520,Can you please answer this question,The life and works of Ludwig van Beethoven,520
521,Can you please answer this question,The contributions of Wolfgang Amadeus Mozart to classical music,521
522,Can you please answer this question,The impact of Johann Sebastian Bach on Western music,522
523,Can you please answer this question,The influence of Miles Davis on jazz,523
524,Can you please answer this question,The contributions of Bob Dylan to folk and rock music,524
525,Can you please answer this question,The significance of Aretha Franklin in soul and R&B,525
526,Can you please answer this question,The impact of The Beatles on modern music,526
527,Can you please answer this question,The life and legacy of Freddie Mercury and Queen,527
528,Can you please answer this question,The influence of Jimi Hendrix on guitar playing and rock music,528
529,Can you please answer this question,The contributions of Billie Holiday to jazz and blues,529
530,Can you please answer this question,"The fundamentals of music theory: Scales, chords, and harmony",530
531,Can you please answer this question,The role of rhythm and meter in music,531
532,Can you please answer this question,The structure of a symphony and its movements,532
533,Can you please answer this question,The concept of counterpoint in classical music,533
534,Can you please answer this question,The significance of sonata form in classical composition,534
535,Can you please answer this question,The role of melody in different musical genres,535
536,Can you please answer this question,The use of dissonance and consonance in music,536
537,Can you please answer this question,The development of polyphony in Western music,537
538,Can you please answer this question,The influence of minimalism in modern music composition,538
539,Can you please answer this question,The use of atonality and twelve-tone technique in 20th-century music,539
540,Can you please answer this question,The history and development of the piano,540
541,Can you please answer this question,The evolution of the guitar and its role in different genres,541
542,Can you please answer this question,The significance of the violin in classical music,542
543,Can you please answer this question,The history of percussion instruments in world music,543
544,Can you please answer this question,The role of the saxophone in jazz and contemporary music,544
545,Can you please answer this question,The development of electronic instruments and synthesizers,545
546,Can you please answer this question,The significance of the flute in orchestral and chamber music,546
547,Can you please answer this question,The evolution of the drum kit in popular music,547
548,Can you please answer this question,The history and role of the harp in classical and folk music,548
549,Can you please answer this question,The influence of the trumpet in jazz and classical music,549
550,Can you please answer this question,The role of music in social movements and activism,550
551,Can you please answer this question,The influence of African American music on American culture,551
552,Can you please answer this question,The impact of music on identity and self-expression,552
553,Can you please answer this question,The role of music in film and television,553
554,Can you please answer this question,The significance of national anthems and patriotic songs,554
555,Can you please answer this question,The use of music in religious and spiritual practices,555
556,Can you please answer this question,The cultural impact of music festivals and live performances,556
557,Can you please answer this question,The role of music in shaping fashion and trends,557
558,Can you please answer this question,The influence of music on youth culture and rebellion,558
559,Can you please answer this question,The impact of the internet and digital media on music distribution,559
560,Can you please answer this question,The benefits of music education in childhood development,560
561,Can you please answer this question,The methods and approaches to teaching music theory,561
562,Can you please answer this question,The role of ear training in music education,562
563,Can you please answer this question,The significance of ensemble playing in music learning,563
564,Can you please answer this question,The impact of private music lessons versus group classes,564
565,Can you please answer this question,The role of technology in music education,565
566,Can you please answer this question,The importance of music history in a comprehensive music education,566
567,Can you please answer this question,The impact of standardized music examinations on music learning,567
568,Can you please answer this question,The benefits of learning multiple instruments,568
569,Can you please answer this question,The role of improvisation in music education,569
570,Can you please answer this question,The impact of recording technology on music production,570
571,Can you please answer this question,The role of digital audio workstations in modern music creation,571
572,Can you please answer this question,The evolution of music streaming services and their impact on the industry,572
573,Can you please answer this question,The significance of autotune and pitch correction in contemporary music,573
574,Can you please answer this question,The use of artificial intelligence in music composition and production,574
575,Can you please answer this question,The influence of social media on music promotion and discovery,575
576,Can you please answer this question,The role of sampling in hip-hop and electronic music,576
577,Can you please answer this question,The development of surround sound and its impact on music listening,577
578,Can you please answer this question,The impact of virtual reality on live music experiences,578
579,Can you please answer this question,The evolution of music notation software,579
580,Can you please answer this question,The challenges and opportunities of independent music production,580
581,Can you please answer this question,The role of copyright law in the music industry,581
582,Can you please answer this question,The impact of music piracy on artists and record labels,582
583,Can you please answer this question,The influence of global music trends on local cultures,583
584,Can you please answer this question,The role of women in the music industry and gender representation,584
585,Can you please answer this question,The impact of mental health issues on musicians and performers,585
586,Can you please answer this question,The significance of cultural appropriation in music,586
587,Can you please answer this question,The challenges of balancing artistic expression and commercial success,587
588,Can you please answer this question,The impact of the COVID-19 pandemic on live music and performances,588
589,Can you please answer this question,The role of diversity and inclusion in contemporary music,589
590,Can you please answer this question,The psychological effects of music on mood and emotion,590
591,Can you please answer this question,The use of music therapy in healthcare settings,591
592,Can you please answer this question,The role of music in memory and cognitive development,592
593,Can you please answer this question,The impact of music on stress and anxiety reduction,593
594,Can you please answer this question,The significance of music in grief and mourning,594
595,Can you please answer this question,The use of music in enhancing athletic performance,595
596,Can you please answer this question,The role of music in enhancing concentration and focus,596
597,Can you please answer this question,The impact of background music on learning and productivity,597
598,Can you please answer this question,The influence of tempo and rhythm on emotional responses,598
599,Can you please answer this question,The use of music in meditation and relaxation practices,599
600,Can you please answer this question,The invention of the camera obscura and its impact on art,600
601,Can you please answer this question,The development of the daguerreotype and early photographic processes,601
602,Can you please answer this question,The evolution of film photography: From roll film to color film,602
603,Can you please answer this question,The significance of the Kodak Brownie camera in popularizing photography,603
604,Can you please answer this question,The transition from analog to digital photography,604
605,Can you please answer this question,The role of photography in documenting the American Civil War,605
606,Can you please answer this question,The impact of photography on the Industrial Revolution,606
607,Can you please answer this question,The evolution of photojournalism in the 20th century,607
608,Can you please answer this question,The development of color photography and its cultural impact,608
609,Can you please answer this question,The history of portrait photography,609
610,Can you please answer this question,The principles of composition in photography,610
611,Can you please answer this question,The significance of lighting in photography,611
612,Can you please answer this question,"Understanding exposure: Aperture, shutter speed, and ISO",612
613,Can you please answer this question,The use of depth of field in creating impactful images,613
614,Can you please answer this question,The importance of perspective and angles in photography,614
615,Can you please answer this question,Techniques for capturing motion in photography,615
616,Can you please answer this question,The role of black and white photography in visual storytelling,616
617,Can you please answer this question,The art of long exposure photography,617
618,Can you please answer this question,The use of natural light vs. artificial light in photography,618
619,Can you please answer this question,The basics of macro photography,619
620,Can you please answer this question,The principles of landscape photography,620
621,Can you please answer this question,The techniques and ethics of street photography,621
622,Can you please answer this question,The art of portrait photography and capturing personality,622
623,Can you please answer this question,The significance of wildlife photography in conservation,623
624,Can you please answer this question,The role of fashion photography in the industry,624
625,Can you please answer this question,The challenges and techniques of sports photography,625
626,Can you please answer this question,The use of photography in advertising and commercial purposes,626
627,Can you please answer this question,The evolution of fine art photography,627
628,Can you please answer this question,The principles and techniques of architectural photography,628
629,Can you please answer this question,The impact of documentary photography on social issues,629
630,Can you please answer this question,The life and work of Ansel Adams and his impact on landscape photography,630
631,Can you please answer this question,The contributions of Henri Cartier-Bresson to photojournalism,631
632,Can you please answer this question,The influence of Diane Arbus on portrait photography,632
633,Can you please answer this question,The impact of Dorothea Langeג€™s work during the Great Depression,633
634,Can you please answer this question,The innovative techniques of Man Ray in surrealist photography,634
635,Can you please answer this question,The documentary photography of Sebastiֳ£o Salgado and its global impact,635
636,Can you please answer this question,The street photography of Vivian Maier and her posthumous fame,636
637,Can you please answer this question,The fashion photography of Richard Avedon,637
638,Can you please answer this question,The humanitarian work of James Nachtwey in conflict photography,638
639,Can you please answer this question,The artistic experimentation of Cindy Sherman in self-portraiture,639
640,Can you please answer this question,The impact of the digital revolution on photography,640
641,Can you please answer this question,The development of mirrorless cameras and their advantages,641
642,Can you please answer this question,The evolution of camera sensors: From CCD to CMOS,642
643,Can you please answer this question,The significance of post-processing software in modern photography,643
644,Can you please answer this question,The role of drones in aerial photography,644
645,Can you please answer this question,The use of smartphones in democratizing photography,645
646,Can you please answer this question,The impact of image stabilization technology on photography,646
647,Can you please answer this question,The role of high dynamic range (HDR) photography in capturing details,647
648,Can you please answer this question,The influence of 3D photography and virtual reality,648
649,Can you please answer this question,The advancements in underwater photography technology,649
650,Can you please answer this question,The role of photography in shaping cultural identities,650
651,Can you please answer this question,The impact of photography on fashion trends and advertising,651
652,Can you please answer this question,The significance of photography in travel and tourism,652
653,Can you please answer this question,The influence of photography on social media and digital culture,653
654,Can you please answer this question,The use of photography in documenting historical events and movements,654
655,Can you please answer this question,The role of photography in preserving cultural heritage,655
656,Can you please answer this question,The impact of celebrity photography on public perception,656
657,Can you please answer this question,The ethics of photo manipulation and digital alteration,657
658,Can you please answer this question,The significance of photography in environmental activism,658
659,Can you please answer this question,The cultural impact of family photography and personal archives,659
660,Can you please answer this question,The debate over privacy and consent in street photography,660
661,Can you please answer this question,The challenges of photojournalism in conflict zones,661
662,Can you please answer this question,The impact of fake news and manipulated images on public trust,662
663,Can you please answer this question,The role of photography in social justice movements,663
664,Can you please answer this question,The ethics of photographing poverty and suffering,664
665,Can you please answer this question,The influence of digital filters and presets on photography aesthetics,665
666,Can you please answer this question,The impact of Instagram on photography trends and practices,666
667,Can you please answer this question,The challenges of protecting intellectual property in the digital age,667
668,Can you please answer this question,The rise of NFTs (Non-Fungible Tokens) in photography,668
669,Can you please answer this question,The impact of climate change on landscape and wildlife photography,669
670,Can you please answer this question,The role of photography in contemporary art galleries and museums,670
671,Can you please answer this question,The debate over photography as a fine art form,671
672,Can you please answer this question,The use of photography in mixed media and installation art,672
673,Can you please answer this question,The impact of surrealism on photographic art,673
674,Can you please answer this question,The significance of abstract photography in modern art,674
675,Can you please answer this question,The role of conceptual photography in visual storytelling,675
676,Can you please answer this question,The influence of pop art on photography,676
677,Can you please answer this question,The contributions of feminist photographers to the art world,677
678,Can you please answer this question,The role of photography in documenting performance art,678
679,Can you please answer this question,The impact of digital manipulation on the perception of photography as art,679
680,Can you please answer this question,The basics of photography for beginners,680
681,Can you please answer this question,The importance of understanding camera settings and controls,681
682,Can you please answer this question,The role of workshops and masterclasses in advancing photography skills,682
683,Can you please answer this question,The significance of critique and feedback in photography education,683
684,Can you please answer this question,The benefits of online photography courses and tutorials,684
685,Can you please answer this question,The impact of photography contests and exhibitions on career growth,685
686,Can you please answer this question,The role of mentorship and networking in the photography industry,686
687,Can you please answer this question,The importance of building a strong photography portfolio,687
688,Can you please answer this question,The influence of photography clubs and communities on skill development,688
689,Can you please answer this question,The challenges of transitioning from amateur to professional photography,689
690,Can you please answer this question,The role of emotion in creating compelling photographs,690
691,Can you please answer this question,The impact of color psychology in photography,691
692,Can you please answer this question,The use of light and shadow in conveying mood,692
693,Can you please answer this question,The significance of candid photography in capturing authentic moments,693
694,Can you please answer this question,The role of photography in expressing personal narratives,694
695,Can you please answer this question,The impact of photo essays on evoking empathy and understanding,695
696,Can you please answer this question,The influence of cultural context on the interpretation of photographs,696
697,Can you please answer this question,The role of body language and facial expressions in portrait photography,697
698,Can you please answer this question,The use of contrast and juxtaposition in creating emotional impact,698
699,Can you please answer this question,The power of photography in memorializing moments and preserving memories,699
700,Can you please answer this question,Newton's Laws of Motion: Understanding the foundation of classical mechanics.,700
701,Can you please answer this question,The Conservation of Momentum: Principles and applications in collisions.,701
702,Can you please answer this question,Kinematics of Motion: Describing motion in one and two dimensions.,702
703,Can you please answer this question,Projectile Motion: Analysis of objects in freefall and parabolic trajectories.,703
704,Can you please answer this question,Circular Motion and Centripetal Force: The physics of objects moving in circles.,704
705,Can you please answer this question,Simple Harmonic Motion: The physics behind oscillations and pendulums.,705
706,Can you please answer this question,The Law of Universal Gravitation: How gravity governs planetary motion.,706
707,Can you please answer this question,Energy Conservation: Kinetic and potential energy in physical systems.,707
708,Can you please answer this question,The Work-Energy Theorem: How work is related to energy.,708
709,Can you please answer this question,Friction and Its Effects: Static and kinetic friction in various materials.,709
710,Can you please answer this question,The Laws of Thermodynamics: Principles governing energy and heat.,710
711,Can you please answer this question,"Heat Transfer Mechanisms: Conduction, convection, and radiation.",711
712,Can you please answer this question,Entropy and Disorder: The second law of thermodynamics and its implications.,712
713,Can you please answer this question,Carnot Engines and Efficiency: Understanding idealized heat engines.,713
714,Can you please answer this question,The Kinetic Theory of Gases: How gas molecules behave under different conditions.,714
715,Can you please answer this question,Thermal Expansion: The response of materials to temperature changes.,715
716,Can you please answer this question,Phase Transitions and Latent Heat: Energy involved in changing states of matter.,716
717,Can you please answer this question,Heat Capacity and Specific Heat: The capacity of substances to store heat.,717
718,Can you please answer this question,Thermodynamic Cycles: The processes of engines and refrigerators.,718
719,Can you please answer this question,The Maxwell-Boltzmann Distribution: Describing the velocities of particles in a gas.,719
720,Can you please answer this question,Coulombג€™s Law: The force between charged particles.,720
721,Can you please answer this question,Electric Fields and Potential: How charges create fields and potentials.,721
722,Can you please answer this question,Gaussג€™s Law: The relationship between electric charge and electric field.,722
723,Can you please answer this question,"Electric Circuits and Ohmג€™s Law: The basics of current, voltage, and resistance.",723
724,Can you please answer this question,Kirchhoffג€™s Circuit Laws: Rules for analyzing complex circuits.,724
725,Can you please answer this question,Magnetic Fields and Forces: The properties of magnets and magnetic fields.,725
726,Can you please answer this question,Faradayג€™s Law of Induction: How changing magnetic fields induce currents.,726
727,Can you please answer this question,Lenzג€™s Law: The direction of induced current in a closed loop.,727
728,Can you please answer this question,Electromagnetic Waves: The nature and properties of light and other EM waves.,728
729,Can you please answer this question,Maxwellג€™s Equations: The fundamental equations of electromagnetism.,729
730,Can you please answer this question,The Wave Nature of Light: Understanding diffraction and interference.,730
731,Can you please answer this question,Snell's Law and Refraction: The bending of light at interfaces.,731
732,Can you please answer this question,The Doppler Effect in Light: How motion affects the frequency of waves.,732
733,Can you please answer this question,Lenses and Mirrors: Image formation and optical instruments.,733
734,Can you please answer this question,Polarization of Light: How light waves can be filtered and manipulated.,734
735,Can you please answer this question,The Principle of Superposition: Wave interference patterns and applications.,735
736,Can you please answer this question,Ray Optics vs. Wave Optics: Differences between geometric and physical optics.,736
737,Can you please answer this question,Fiber Optics and Total Internal Reflection: Light propagation in optical fibers.,737
738,Can you please answer this question,The Quantum Nature of Light: Photons and the photoelectric effect.,738
739,Can you please answer this question,Lasers and Coherent Light: The physics behind laser operation.,739
740,Can you please answer this question,The Heisenberg Uncertainty Principle: Limits on measuring quantum systems.,740
741,Can you please answer this question,The Schrֳ¶dinger Equation: The fundamental equation of quantum mechanics.,741
742,Can you please answer this question,Quantum Tunneling: Particles passing through potential barriers.,742
743,Can you please answer this question,Wave-Particle Duality: How particles exhibit wave-like properties.,743
744,Can you please answer this question,Quantum Entanglement: The mysterious connection between distant particles.,744
745,Can you please answer this question,The Pauli Exclusion Principle: The rule governing electrons in atoms.,745
746,Can you please answer this question,Superposition and Quantum States: The basis of quantum computation.,746
747,Can you please answer this question,The Double-Slit Experiment: Demonstrating the wave nature of particles.,747
748,Can you please answer this question,Quantum Decoherence: How quantum systems interact with their environment.,748
749,Can you please answer this question,Applications of Quantum Mechanics in Technology: Quantum computing and cryptography.,749
750,Can you please answer this question,The Special Theory of Relativity: Time dilation and length contraction.,750
751,Can you please answer this question,The Lorentz Transformation: The mathematical framework of relativity.,751
752,Can you please answer this question,Mass-Energy Equivalence: Understanding E=mcֲ².,752
753,Can you please answer this question,General Relativity and Curved Spacetime: How gravity affects space and time.,753
754,Can you please answer this question,The Equivalence Principle: The relationship between gravity and acceleration.,754
755,Can you please answer this question,Black Holes and Event Horizons: The physics of collapsed stars.,755
756,Can you please answer this question,Gravitational Waves: Ripples in spacetime from massive objects.,756
757,Can you please answer this question,Time Travel and Causality: Theoretical possibilities and paradoxes.,757
758,Can you please answer this question,The Twin Paradox: A thought experiment in special relativity.,758
759,Can you please answer this question,Relativistic Effects in GPS Technology: Applying relativity in everyday life.,759
760,Can you please answer this question,The Bohr Model of the Atom: Electron orbits and energy levels.,760
761,Can you please answer this question,Radioactive Decay and Half-Life: The principles of nuclear decay.,761
762,Can you please answer this question,Nuclear Fission and Fusion: The processes powering reactors and stars.,762
763,Can you please answer this question,The Standard Model of Particle Physics: Fundamental particles and forces.,763
764,Can you please answer this question,The Higgs Boson and Its Significance: Understanding mass and the Higgs field.,764
765,Can you please answer this question,Isotopes and Their Applications: Uses in medicine and archaeology.,765
766,Can you please answer this question,Neutrinos and Their Mysterious Nature: Elusive particles with minimal interaction.,766
767,Can you please answer this question,Particle Accelerators and Colliders: Probing the subatomic world.,767
768,Can you please answer this question,Nuclear Magnetic Resonance (NMR) and MRI: Applications in imaging and diagnostics.,768
769,Can you please answer this question,The Role of Quarks and Gluons in Atomic Nuclei: The building blocks of matter.,769
770,Can you please answer this question,The Big Bang Theory and the Origin of the Universe: The beginning of time and space.,770
771,Can you please answer this question,The Life Cycle of Stars: From birth in nebulae to death as supernovae.,771
772,Can you please answer this question,Dark Matter and Dark Energy: The unseen components of the universe.,772
773,Can you please answer this question,The Cosmic Microwave Background Radiation: Evidence for the Big Bang.,773
774,Can you please answer this question,Exoplanets and the Search for Extraterrestrial Life: Discoveries beyond our solar system.,774
775,Can you please answer this question,The Structure and Evolution of Galaxies: Understanding the Milky Way and beyond.,775
776,Can you please answer this question,Black Hole Formation and Characteristics: Singularities and event horizons.,776
777,Can you please answer this question,Pulsars and Neutron Stars: The remnants of massive stars.,777
778,Can you please answer this question,The Expanding Universe and Hubbleג€™s Law: Observations of an ever-growing cosmos.,778
779,Can you please answer this question,Gravitational Lensing: How gravity bends light from distant objects.,779
780,Can you please answer this question,String Theory and Extra Dimensions: A potential theory of everything.,780
781,Can you please answer this question,Quantum Field Theory and Particle Physics: Uniting quantum mechanics and relativity.,781
782,Can you please answer this question,Plasma Physics and Applications: The fourth state of matter and its uses.,782
783,Can you please answer this question,Superconductivity and Its Applications: Zero resistance at low temperatures.,783
784,Can you please answer this question,Bose-Einstein Condensates: A state of matter at near absolute zero.,784
785,Can you please answer this question,Nanotechnology and Quantum Dots: Physics at the nanoscale.,785
786,Can you please answer this question,"The Role of Physics in Renewable Energy: Solar, wind, and nuclear energy.",786
787,Can you please answer this question,Chaos Theory and Its Implications: The study of dynamic systems and unpredictability.,787
788,Can you please answer this question,The Physics of Climate Change: Understanding global warming and its effects.,788
789,Can you please answer this question,Quantum Computing and Future Technologies: The next revolution in computation.,789
790,Can you please answer this question,"Medical Physics and Imaging Techniques: X-rays, CT scans, and ultrasound.",790
791,Can you please answer this question,Biophysics and Molecular Motors: Understanding the mechanics of life.,791
792,Can you please answer this question,Acoustics and Sound Waves: The physics of hearing and sound production.,792
793,Can you please answer this question,Fluid Dynamics and Aerodynamics: The study of fluids in motion.,793
794,Can you please answer this question,The Physics of Sports and Motion: Applying mechanics to athletic performance.,794
795,Can you please answer this question,"Photonics and Optical Devices: Lasers, fiber optics, and photonic crystals.",795
796,Can you please answer this question,Materials Science and Condensed Matter Physics: Investigating new materials and their properties.,796
797,Can you please answer this question,The Role of Physics in Space Exploration: Engineering and navigating spacecraft.,797
798,Can you please answer this question,"Renewable Energy Technologies and Physics: Solar panels, wind turbines, and their efficiencies.",798
799,Can you please answer this question,Physics in Everyday Life: The science behind everyday phenomena and technologies.,799
800,Can you please answer this question,The concept of God in different religions,800
801,Can you please answer this question,The role of prayer in various faiths,801
802,Can you please answer this question,The significance of religious rituals and ceremonies,802
803,Can you please answer this question,The concept of the afterlife in different religions,803
804,Can you please answer this question,The nature of faith and belief,804
805,Can you please answer this question,The role of prophets in world religions,805
806,Can you please answer this question,The significance of sacred texts across religions,806
807,Can you please answer this question,The concept of sin and redemption,807
808,Can you please answer this question,The role of pilgrimage in various religions,808
809,Can you please answer this question,The idea of salvation and enlightenment,809
810,Can you please answer this question,The core beliefs of Christianity,810
811,Can you please answer this question,The Five Pillars of Islam,811
812,Can you please answer this question,The Four Noble Truths of Buddhism,812
813,Can you please answer this question,The central teachings of Hinduism,813
814,Can you please answer this question,The Torah and its significance in Judaism,814
815,Can you please answer this question,The concept of karma in Hinduism and Buddhism,815
816,Can you please answer this question,The role of the Pope in the Catholic Church,816
817,Can you please answer this question,The importance of the Quran in Islam,817
818,Can you please answer this question,The life and teachings of Jesus Christ,818
819,Can you please answer this question,The Eightfold Path in Buddhism,819
820,Can you please answer this question,The history of the Protestant Reformation,820
821,Can you please answer this question,The spread of Christianity in the Roman Empire,821
822,Can you please answer this question,The origins and spread of Islam,822
823,Can you please answer this question,The Jewish diaspora and its impact on Judaism,823
824,Can you please answer this question,The role of religion in the Crusades,824
825,Can you please answer this question,The formation of the Sikh religion,825
826,Can you please answer this question,The impact of the Enlightenment on religion,826
827,Can you please answer this question,The spread of Buddhism from India to Asia,827
828,Can you please answer this question,The role of religion in the American Civil Rights Movement,828
829,Can you please answer this question,The history of Hinduism in India,829
830,Can you please answer this question,The life of the Prophet Muhammad,830
831,Can you please answer this question,The teachings of Confucius,831
832,Can you please answer this question,The philosophy of Socrates and its influence on religion,832
833,Can you please answer this question,The role of Martin Luther in the Reformation,833
834,Can you please answer this question,The spiritual teachings of the Dalai Lama,834
835,Can you please answer this question,The contributions of Saint Augustine to Christian theology,835
836,Can you please answer this question,The life and legacy of Mahatma Gandhi,836
837,Can you please answer this question,The role of Moses in Judaism,837
838,Can you please answer this question,The life of the Buddha (Siddhartha Gautama),838
839,Can you please answer this question,The impact of Mother Teresaג€™s work on Christianity,839
840,Can you please answer this question,The significance of the Bible in Christianity,840
841,Can you please answer this question,The teachings of the Bhagavad Gita in Hinduism,841
842,Can you please answer this question,The role of the Hadith in Islam,842
843,Can you please answer this question,The Talmud and its importance in Judaism,843
844,Can you please answer this question,The teachings of the Tao Te Ching in Taoism,844
845,Can you please answer this question,The significance of the Vedas in Hinduism,845
846,Can you please answer this question,The importance of the Book of Mormon in Mormonism,846
847,Can you please answer this question,The teachings of the Upanishads in Hindu philosophy,847
848,Can you please answer this question,The role of the New Testament in Christian theology,848
849,Can you please answer this question,The Zohar and its significance in Kabbalah,849
850,Can you please answer this question,The similarities and differences between Christianity and Islam,850
851,Can you please answer this question,The concept of the soul in different religions,851
852,Can you please answer this question,The role of women in various religions,852
853,Can you please answer this question,The nature of religious festivals across faiths,853
854,Can you please answer this question,The concept of morality in different religions,854
855,Can you please answer this question,The use of symbols and imagery in religions,855
856,Can you please answer this question,The practice of meditation in different religious traditions,856
857,Can you please answer this question,The concept of heaven and hell in various religions,857
858,Can you please answer this question,The role of fasting in different religions,858
859,Can you please answer this question,The impact of religious syncretism on world religions,859
860,Can you please answer this question,The rise of secularism and its impact on religion,860
861,Can you please answer this question,The spread of evangelical Christianity in the modern world,861
862,Can you please answer this question,The growth of New Age spiritual movements,862
863,Can you please answer this question,The impact of technology on religious practice,863
864,Can you please answer this question,The role of religion in contemporary politics,864
865,Can you please answer this question,The interfaith movement and its goals,865
866,Can you please answer this question,The influence of religion on modern ethical debates,866
867,Can you please answer this question,The resurgence of pagan and indigenous religions,867
868,Can you please answer this question,The role of religion in contemporary environmentalism,868
869,Can you please answer this question,The impact of globalization on religious practices,869
870,Can you please answer this question,The significance of baptism in Christianity,870
871,Can you please answer this question,The practice of circumcision in Judaism and Islam,871
872,Can you please answer this question,The role of yoga in Hindu spiritual practice,872
873,Can you please answer this question,The practice of Zen meditation in Buddhism,873
874,Can you please answer this question,The importance of the Eucharist in Christian worship,874
875,Can you please answer this question,The role of confession in Catholicism,875
876,Can you please answer this question,The significance of Ramadan in Islam,876
877,Can you please answer this question,The practice of animal sacrifice in ancient religions,877
878,Can you please answer this question,The role of chanting in religious worship,878
879,Can you please answer this question,The significance of religious clothing and symbols,879
880,Can you please answer this question,The concept of free will in religious thought,880
881,Can you please answer this question,The problem of evil in theology,881
882,Can you please answer this question,The idea of predestination in Christianity,882
883,Can you please answer this question,The role of mysticism in religion,883
884,Can you please answer this question,The significance of religious experiences,884
885,Can you please answer this question,The debate between faith and reason,885
886,Can you please answer this question,The nature of divine revelation in theology,886
887,Can you please answer this question,The concept of monotheism versus polytheism,887
888,Can you please answer this question,The philosophy of non-dualism in Hinduism,888
889,Can you please answer this question,The role of ethics in religious teachings,889
890,Can you please answer this question,The role of religion in shaping cultural identities,890
891,Can you please answer this question,The impact of religion on laws and governance,891
892,Can you please answer this question,The relationship between religion and science,892
893,Can you please answer this question,The role of religion in education,893
894,Can you please answer this question,The impact of religious extremism on society,894
895,Can you please answer this question,The significance of religious freedom and human rights,895
896,Can you please answer this question,The role of religion in peacebuilding and conflict resolution,896
897,Can you please answer this question,The impact of colonialism on indigenous religions,897
898,Can you please answer this question,The role of religion in family and marriage,898
899,Can you please answer this question,The influence of religious art and architecture on culture,899
900,Can you please answer this question,The history of the Olympic Games,900
901,Can you please answer this question,The evolution of professional sports leagues,901
902,Can you please answer this question,The impact of sports on global culture,902
903,Can you please answer this question,The role of sports in education,903
904,Can you please answer this question,The influence of sports media,904
905,Can you please answer this question,Sports and social justice movements,905
906,Can you please answer this question,The rise of esports,906
907,Can you please answer this question,The economics of professional sports,907
908,Can you please answer this question,The science behind athletic performance,908
909,Can you please answer this question,The role of sports psychology,909
910,Can you please answer this question,The history of soccer (football),910
911,Can you please answer this question,The development of American football,911
912,Can you please answer this question,The origins of basketball,912
913,Can you please answer this question,The evolution of baseball,913
914,Can you please answer this question,The history of cricket,914
915,Can you please answer this question,The rise of rugby,915
916,Can you please answer this question,The growth of tennis as a global sport,916
917,Can you please answer this question,The origins of golf and its modernization,917
918,Can you please answer this question,The development of hockey (field and ice),918
919,Can you please answer this question,The history of track and field athletics,919
920,Can you please answer this question,The 1936 Berlin Olympics and its political impact,920
921,Can you please answer this question,The Miracle on Ice: 1980 Winter Olympics,921
922,Can you please answer this question,The history of the FIFA World Cup,922
923,Can you please answer this question,The significance of the Super Bowl in American culture,923
924,Can you please answer this question,The origins and impact of the Tour de France,924
925,Can you please answer this question,The history of the Wimbledon Championships,925
926,Can you please answer this question,The evolution of the NBA Finals,926
927,Can you please answer this question,The significance of the 1968 Mexico City Olympics protest,927
928,Can you please answer this question,The impact of the 1995 Rugby World Cup on South Africa,928
929,Can you please answer this question,The history of the ICC Cricket World Cup,929
930,Can you please answer this question,The career of Michael Jordan,930
931,Can you please answer this question,The impact of Serena Williams on tennis,931
932,Can you please answer this question,The legacy of Muhammad Ali,932
933,Can you please answer this question,The achievements of Pelֳ© in soccer,933
934,Can you please answer this question,The influence of Tom Brady in American football,934
935,Can you please answer this question,The dominance of Usain Bolt in track and field,935
936,Can you please answer this question,The contributions of Jackie Robinson to baseball and civil rights,936
937,Can you please answer this question,The career of Roger Federer in tennis,937
938,Can you please answer this question,The impact of Lionel Messi and Cristiano Ronaldo on modern soccer,938
939,Can you please answer this question,The achievements of Simone Biles in gymnastics,939
940,Can you please answer this question,The evolution of offensive strategies in American football,940
941,Can you please answer this question,Defensive tactics in soccer: A historical perspective,941
942,Can you please answer this question,The development of the fast break in basketball,942
943,Can you please answer this question,The use of analytics in baseball: Moneyball and beyond,943
944,Can you please answer this question,Techniques for improving endurance in long-distance running,944
945,Can you please answer this question,The role of technology in modern coaching,945
946,Can you please answer this question,"Strategies in cricket: Test, ODI, and T20 formats",946
947,Can you please answer this question,The importance of mental preparation in individual sports,947
948,Can you please answer this question,Defensive formations in ice hockey,948
949,Can you please answer this question,The impact of nutrition on athletic performance,949
950,Can you please answer this question,Health and Sports Science,950
951,Can you please answer this question,Understanding sports injuries and prevention,951
952,Can you please answer this question,The role of sports medicine in professional sports,952
953,Can you please answer this question,The impact of concussions on athletes' health,953
954,Can you please answer this question,The importance of recovery in athletic training,954
955,Can you please answer this question,The effects of altitude training on performance,955
956,Can you please answer this question,The benefits and risks of strength training for athletes,956
957,Can you please answer this question,The role of biomechanics in improving sports performance,957
958,Can you please answer this question,Hydration and its impact on athletic performance,958
959,Can you please answer this question,The significance of flexibility and mobility in sports,959
960,Can you please answer this question,The psychological effects of injuries on athletes,960
961,Can you please answer this question,The role of sports in promoting gender equality,961
962,Can you please answer this question,The impact of Title IX on women's sports in the U.S.,962
963,Can you please answer this question,The influence of sports on national identity,963
964,Can you please answer this question,The role of sports in community building,964
965,Can you please answer this question,Sports and philanthropy: Athletes giving back,965
966,Can you please answer this question,The impact of sports on youth development,966
967,Can you please answer this question,The role of sports in peacebuilding and conflict resolution,967
968,Can you please answer this question,The effect of sports fandom on social behavior,968
969,Can you please answer this question,The commercialization of college sports in the U.S.,969
970,Can you please answer this question,The influence of sports stars as global celebrities,970
971,Can you please answer this question,The debate over performance-enhancing drugs in sports,971
972,Can you please answer this question,The impact of sports betting on integrity,972
973,Can you please answer this question,The issue of racial discrimination in sports,973
974,Can you please answer this question,Gender testing and fairness in sports competitions,974
975,Can you please answer this question,The controversy surrounding athlete activism,975
976,Can you please answer this question,The impact of COVID-19 on global sports,976
977,Can you please answer this question,The ethics of player trading and contracts in professional sports,977
978,Can you please answer this question,The challenges of maintaining competitive balance in leagues,978
979,Can you please answer this question,The exploitation of young athletes in youth sports systems,979
980,Can you please answer this question,The role of media in sports controversies,980
981,Can you please answer this question,The impact of VAR (Video Assistant Referee) in soccer,981
982,Can you please answer this question,The use of wearable technology in sports training,982
983,Can you please answer this question,The role of data analytics in sports strategy,983
984,Can you please answer this question,Advances in sports equipment technology,984
985,Can you please answer this question,The development of synthetic playing surfaces,985
986,Can you please answer this question,The use of drones in sports coverage,986
987,Can you please answer this question,The influence of social media on athlete branding,987
988,Can you please answer this question,The role of artificial intelligence in sports training,988
989,Can you please answer this question,The impact of augmented reality on fan experience,989
990,Can you please answer this question,The rise of mixed martial arts (MMA),990
991,Can you please answer this question,The history of Paralympic Games,991
992,Can you please answer this question,The growth of womenג€™s sports leagues,992
993,Can you please answer this question,The influence of sports video games on fan engagement,993
994,Can you please answer this question,The role of mascots in sports culture,994
995,Can you please answer this question,The evolution of sports journalism,995
996,Can you please answer this question,The significance of the Ryder Cup in golf,996
997,Can you please answer this question,The development of adaptive sports for athletes with disabilities,997
998,Can you please answer this question,The impact of sports scholarships on higher education,998
999,Can you please answer this question,The cultural significance of traditional sports in indigenous communities,999
